{
  "clean": 9.340642126143496,
  "Uniform 4-bit": {
    "ppl": 20691.949695255636,
    "avg_bits": 4.0,
    "layer_bits": {
      "0": 4,
      "1": 4,
      "2": 4,
      "3": 4,
      "4": 4,
      "5": 4,
      "6": 4,
      "7": 4,
      "8": 4,
      "9": 4,
      "10": 4,
      "11": 4,
      "12": 4,
      "13": 4,
      "14": 4,
      "15": 4,
      "16": 4,
      "17": 4,
      "18": 4,
      "19": 4,
      "20": 4,
      "21": 4,
      "22": 4,
      "23": 4,
      "24": 4,
      "25": 4,
      "26": 4,
      "27": 4
    }
  },
  "Theory (optimal)": {
    "ppl": 105.24068867470233,
    "avg_bits": 3.9642857142857144,
    "layer_bits": {
      "0": 8,
      "1": 5,
      "2": 6,
      "3": 6,
      "4": 2,
      "5": 5,
      "6": 5,
      "7": 2,
      "8": 2,
      "9": 2,
      "10": 5,
      "11": 5,
      "12": 5,
      "13": 6,
      "14": 2,
      "15": 5,
      "16": 2,
      "17": 2,
      "18": 5,
      "19": 6,
      "20": 2,
      "21": 2,
      "22": 2,
      "23": 2,
      "24": 5,
      "25": 2,
      "26": 2,
      "27": 8
    }
  },
  "Theory (weighted)": {
    "ppl": 2180.9154525530494,
    "avg_bits": 3.9642857142857144,
    "layer_bits": {
      "0": 6,
      "1": 6,
      "2": 6,
      "3": 6,
      "4": 3,
      "5": 6,
      "6": 3,
      "7": 3,
      "8": 3,
      "9": 3,
      "10": 3,
      "11": 3,
      "12": 3,
      "13": 6,
      "14": 3,
      "15": 6,
      "16": 3,
      "17": 3,
      "18": 3,
      "19": 6,
      "20": 3,
      "21": 3,
      "22": 3,
      "23": 3,
      "24": 3,
      "25": 3,
      "26": 3,
      "27": 6
    }
  },
  "Theory (eff-only)": {
    "ppl": 2395.2670338067314,
    "avg_bits": 3.9642857142857144,
    "layer_bits": {
      "0": 6,
      "1": 6,
      "2": 6,
      "3": 6,
      "4": 3,
      "5": 3,
      "6": 3,
      "7": 3,
      "8": 3,
      "9": 3,
      "10": 3,
      "11": 3,
      "12": 3,
      "13": 6,
      "14": 3,
      "15": 6,
      "16": 3,
      "17": 3,
      "18": 6,
      "19": 6,
      "20": 3,
      "21": 3,
      "22": 3,
      "23": 3,
      "24": 3,
      "25": 3,
      "26": 3,
      "27": 6
    }
  },
  "Random (seed=42)": {
    "ppl": 3595.7216962228085,
    "avg_bits": 3.9642857142857144,
    "layer_bits": {
      "0": 6,
      "1": 3,
      "2": 3,
      "3": 6,
      "4": 6,
      "5": 3,
      "6": 3,
      "7": 6,
      "8": 6,
      "9": 3,
      "10": 3,
      "11": 3,
      "12": 3,
      "13": 3,
      "14": 3,
      "15": 3,
      "16": 3,
      "17": 3,
      "18": 3,
      "19": 3,
      "20": 6,
      "21": 3,
      "22": 6,
      "23": 6,
      "24": 3,
      "25": 3,
      "26": 6,
      "27": 3
    }
  },
  "Random (seed=123)": {
    "ppl": 11789.917546552919,
    "avg_bits": 3.9642857142857144,
    "layer_bits": {
      "0": 3,
      "1": 6,
      "2": 6,
      "3": 6,
      "4": 3,
      "5": 3,
      "6": 3,
      "7": 3,
      "8": 6,
      "9": 3,
      "10": 3,
      "11": 3,
      "12": 6,
      "13": 6,
      "14": 3,
      "15": 3,
      "16": 3,
      "17": 3,
      "18": 3,
      "19": 3,
      "20": 3,
      "21": 3,
      "22": 3,
      "23": 3,
      "24": 6,
      "25": 3,
      "26": 6,
      "27": 6
    }
  },
  "Random (seed=777)": {
    "ppl": 14221.355182831325,
    "avg_bits": 3.9642857142857144,
    "layer_bits": {
      "0": 3,
      "1": 6,
      "2": 3,
      "3": 3,
      "4": 3,
      "5": 3,
      "6": 3,
      "7": 6,
      "8": 6,
      "9": 3,
      "10": 6,
      "11": 6,
      "12": 3,
      "13": 3,
      "14": 6,
      "15": 3,
      "16": 3,
      "17": 6,
      "18": 6,
      "19": 3,
      "20": 3,
      "21": 3,
      "22": 3,
      "23": 3,
      "24": 3,
      "25": 3,
      "26": 6,
      "27": 3
    }
  },
  "Heuristic: first": {
    "ppl": 2113.8157381974315,
    "avg_bits": 3.9642857142857144,
    "layer_bits": {
      "0": 6,
      "1": 6,
      "2": 6,
      "3": 6,
      "4": 6,
      "5": 6,
      "6": 6,
      "7": 6,
      "8": 6,
      "9": 3,
      "10": 3,
      "11": 3,
      "12": 3,
      "13": 3,
      "14": 3,
      "15": 3,
      "16": 3,
      "17": 3,
      "18": 3,
      "19": 3,
      "20": 3,
      "21": 3,
      "22": 3,
      "23": 3,
      "24": 3,
      "25": 3,
      "26": 3,
      "27": 3
    }
  },
  "Heuristic: last": {
    "ppl": 15138.553790426726,
    "avg_bits": 3.9642857142857144,
    "layer_bits": {
      "0": 3,
      "1": 3,
      "2": 3,
      "3": 3,
      "4": 3,
      "5": 3,
      "6": 3,
      "7": 3,
      "8": 3,
      "9": 3,
      "10": 3,
      "11": 3,
      "12": 3,
      "13": 3,
      "14": 3,
      "15": 3,
      "16": 3,
      "17": 3,
      "18": 3,
      "19": 6,
      "20": 6,
      "21": 6,
      "22": 6,
      "23": 6,
      "24": 6,
      "25": 6,
      "26": 6,
      "27": 6
    }
  },
  "Heuristic: even": {
    "ppl": 4616.998049285644,
    "avg_bits": 3.9642857142857144,
    "layer_bits": {
      "0": 6,
      "1": 3,
      "2": 3,
      "3": 6,
      "4": 3,
      "5": 3,
      "6": 6,
      "7": 3,
      "8": 3,
      "9": 6,
      "10": 3,
      "11": 3,
      "12": 6,
      "13": 3,
      "14": 3,
      "15": 6,
      "16": 3,
      "17": 3,
      "18": 6,
      "19": 3,
      "20": 3,
      "21": 6,
      "22": 3,
      "23": 3,
      "24": 6,
      "25": 3,
      "26": 3,
      "27": 3
    }
  }
}