{
  "clean": 5.799736584178129,
  "Uniform 4-bit": {
    "ppl": 6.470073703341919,
    "avg_bits": 4.0,
    "layer_bits": {
      "0": 4,
      "1": 4,
      "2": 4,
      "3": 4,
      "4": 4,
      "5": 4,
      "6": 4,
      "7": 4,
      "8": 4,
      "9": 4,
      "10": 4,
      "11": 4,
      "12": 4,
      "13": 4,
      "14": 4,
      "15": 4,
      "16": 4,
      "17": 4,
      "18": 4,
      "19": 4,
      "20": 4,
      "21": 4,
      "22": 4,
      "23": 4,
      "24": 4,
      "25": 4,
      "26": 4,
      "27": 4,
      "28": 4,
      "29": 4,
      "30": 4,
      "31": 4
    }
  },
  "Theory (optimal)": {
    "ppl": 29.684499285876434,
    "avg_bits": 3.0625,
    "layer_bits": {
      "0": 3,
      "1": 3,
      "2": 3,
      "3": 3,
      "4": 3,
      "5": 3,
      "6": 3,
      "7": 3,
      "8": 3,
      "9": 3,
      "10": 3,
      "11": 3,
      "12": 3,
      "13": 3,
      "14": 3,
      "15": 3,
      "16": 3,
      "17": 3,
      "18": 3,
      "19": 3,
      "20": 3,
      "21": 3,
      "22": 3,
      "23": 3,
      "24": 3,
      "25": 3,
      "26": 3,
      "27": 3,
      "28": 3,
      "29": 5,
      "30": 3,
      "31": 3
    }
  },
  "Theory (weighted)": {
    "ppl": 10.258688448076699,
    "avg_bits": 4.03125,
    "layer_bits": {
      "0": 6,
      "1": 3,
      "2": 3,
      "3": 3,
      "4": 6,
      "5": 6,
      "6": 6,
      "7": 6,
      "8": 6,
      "9": 6,
      "10": 6,
      "11": 6,
      "12": 6,
      "13": 3,
      "14": 3,
      "15": 3,
      "16": 6,
      "17": 3,
      "18": 3,
      "19": 3,
      "20": 3,
      "21": 3,
      "22": 3,
      "23": 3,
      "24": 3,
      "25": 3,
      "26": 3,
      "27": 3,
      "28": 3,
      "29": 3,
      "30": 3,
      "31": 3
    }
  },
  "Theory (eff-only)": {
    "ppl": 12.374340325455691,
    "avg_bits": 4.03125,
    "layer_bits": {
      "0": 3,
      "1": 3,
      "2": 3,
      "3": 3,
      "4": 3,
      "5": 3,
      "6": 6,
      "7": 6,
      "8": 6,
      "9": 6,
      "10": 6,
      "11": 6,
      "12": 6,
      "13": 3,
      "14": 3,
      "15": 3,
      "16": 6,
      "17": 3,
      "18": 3,
      "19": 3,
      "20": 3,
      "21": 3,
      "22": 3,
      "23": 3,
      "24": 3,
      "25": 3,
      "26": 3,
      "27": 3,
      "28": 3,
      "29": 6,
      "30": 6,
      "31": 6
    }
  },
  "Random (seed=42)": {
    "ppl": 11.26696508157019,
    "avg_bits": 4.03125,
    "layer_bits": {
      "0": 6,
      "1": 3,
      "2": 3,
      "3": 6,
      "4": 6,
      "5": 3,
      "6": 3,
      "7": 6,
      "8": 6,
      "9": 3,
      "10": 3,
      "11": 3,
      "12": 3,
      "13": 3,
      "14": 3,
      "15": 3,
      "16": 3,
      "17": 6,
      "18": 3,
      "19": 3,
      "20": 3,
      "21": 6,
      "22": 3,
      "23": 6,
      "24": 3,
      "25": 3,
      "26": 3,
      "27": 6,
      "28": 3,
      "29": 6,
      "30": 3,
      "31": 6
    }
  },
  "Random (seed=123)": {
    "ppl": 12.374340325455691,
    "avg_bits": 4.03125,
    "layer_bits": {
      "0": 3,
      "1": 6,
      "2": 6,
      "3": 6,
      "4": 3,
      "5": 3,
      "6": 3,
      "7": 3,
      "8": 6,
      "9": 3,
      "10": 3,
      "11": 3,
      "12": 6,
      "13": 6,
      "14": 3,
      "15": 3,
      "16": 3,
      "17": 6,
      "18": 3,
      "19": 3,
      "20": 3,
      "21": 3,
      "22": 6,
      "23": 3,
      "24": 6,
      "25": 3,
      "26": 3,
      "27": 3,
      "28": 3,
      "29": 3,
      "30": 6,
      "31": 6
    }
  },
  "Random (seed=777)": {
    "ppl": 13.379852088930456,
    "avg_bits": 4.03125,
    "layer_bits": {
      "0": 3,
      "1": 6,
      "2": 3,
      "3": 3,
      "4": 3,
      "5": 3,
      "6": 3,
      "7": 3,
      "8": 6,
      "9": 3,
      "10": 6,
      "11": 6,
      "12": 3,
      "13": 3,
      "14": 6,
      "15": 3,
      "16": 3,
      "17": 6,
      "18": 6,
      "19": 3,
      "20": 3,
      "21": 6,
      "22": 3,
      "23": 3,
      "24": 3,
      "25": 3,
      "26": 3,
      "27": 3,
      "28": 3,
      "29": 6,
      "30": 6,
      "31": 6
    }
  },
  "Heuristic: first": {
    "ppl": 10.099642225480054,
    "avg_bits": 4.03125,
    "layer_bits": {
      "0": 6,
      "1": 6,
      "2": 6,
      "3": 6,
      "4": 6,
      "5": 6,
      "6": 6,
      "7": 6,
      "8": 6,
      "9": 6,
      "10": 6,
      "11": 3,
      "12": 3,
      "13": 3,
      "14": 3,
      "15": 3,
      "16": 3,
      "17": 3,
      "18": 3,
      "19": 3,
      "20": 3,
      "21": 3,
      "22": 3,
      "23": 3,
      "24": 3,
      "25": 3,
      "26": 3,
      "27": 3,
      "28": 3,
      "29": 3,
      "30": 3,
      "31": 3
    }
  },
  "Heuristic: last": {
    "ppl": 21.049461966173517,
    "avg_bits": 4.03125,
    "layer_bits": {
      "0": 3,
      "1": 3,
      "2": 3,
      "3": 3,
      "4": 3,
      "5": 3,
      "6": 3,
      "7": 3,
      "8": 3,
      "9": 3,
      "10": 3,
      "11": 3,
      "12": 3,
      "13": 3,
      "14": 3,
      "15": 3,
      "16": 3,
      "17": 3,
      "18": 3,
      "19": 3,
      "20": 3,
      "21": 6,
      "22": 6,
      "23": 6,
      "24": 6,
      "25": 6,
      "26": 6,
      "27": 6,
      "28": 6,
      "29": 6,
      "30": 6,
      "31": 6
    }
  },
  "Heuristic: even": {
    "ppl": 11.444393964331121,
    "avg_bits": 4.03125,
    "layer_bits": {
      "0": 6,
      "1": 3,
      "2": 6,
      "3": 3,
      "4": 3,
      "5": 6,
      "6": 3,
      "7": 3,
      "8": 6,
      "9": 3,
      "10": 3,
      "11": 6,
      "12": 3,
      "13": 3,
      "14": 6,
      "15": 3,
      "16": 3,
      "17": 6,
      "18": 3,
      "19": 3,
      "20": 6,
      "21": 3,
      "22": 3,
      "23": 6,
      "24": 3,
      "25": 3,
      "26": 6,
      "27": 3,
      "28": 3,
      "29": 6,
      "30": 3,
      "31": 3
    }
  }
}