{
  "model": "Qwen/Qwen2.5-7B",
  "corpus": "wikitext",
  "clean": 9.340642126143496,
  "pt_k4_v4": 17154.228809290984,
  "pc_k4_v4": 11.444393964331121,
  "pc_opt_k": 10.42023928423861,
  "avg_k": 4.214285714285714,
  "crit_pt": 9,
  "crit_pc": 3,
  "sigma2_pt": {
    "0": 202.0516497233149,
    "1": 1.5283688162102804,
    "2": 2.3191742878603243,
    "3": 3.566328849506282,
    "4": 0.3220323512386772,
    "5": 0.7898238389792707,
    "6": 0.8148550703712667,
    "7": 0.35718964714596413,
    "8": 0.4979228358725142,
    "9": 0.3583945585093366,
    "10": 0.5398994810962743,
    "11": 0.5064041192905049,
    "12": 0.5543835826257101,
    "13": 3.8901417805679985,
    "14": 0.3893515302101165,
    "15": 1.6598761825636068,
    "16": 0.44630089665942435,
    "17": 0.3005017456071568,
    "18": 1.067453751031144,
    "19": 6.901569685681783,
    "20": 0.22859144513424556,
    "21": 0.40279661390794047,
    "22": 0.25038012548906075,
    "23": 0.3445862673679876,
    "24": 0.5026459013981537,
    "25": 0.4697142359451254,
    "26": 0.2509534190103681,
    "27": 54.10032818046914
  },
  "sigma2_pc": {
    "0": 3.787415915852946,
    "1": 0.05268662206836388,
    "2": 0.16050180753271595,
    "3": 0.13194040259083578,
    "4": 0.13086187427574258,
    "5": 0.11883348737690208,
    "6": 0.10509483496591379,
    "7": 0.08600152203968206,
    "8": 0.13352517561703214,
    "9": 0.09516130716986847,
    "10": 0.11603211315161127,
    "11": 0.12675214314091587,
    "12": 0.1687161045732298,
    "13": 0.21456330138656945,
    "14": 0.3703089171599912,
    "15": 0.18739834343547482,
    "16": 0.3658112574444473,
    "17": 0.27874361261730574,
    "18": 0.20431853917807463,
    "19": 2.486142702368375,
    "20": 0.09797630326972888,
    "21": 0.1267645306513843,
    "22": 0.16471447075933066,
    "23": 0.12312113443048227,
    "24": 0.14924225784183826,
    "25": 0.13697351581586037,
    "26": 0.18370079070485634,
    "27": 4.503797182750757
  }
}