{
  "model": "google/gemma-4-E2B",
  "clean": 111859.62321414231,
  "pt_k4_v4": 111859.62321414231,
  "pc_k4_v4": 268337.2865208745,
  "pc_opt_k": 126753.55900574342,
  "pc_opt_k_v3": 236806.8242026268,
  "avg_k_bits": 6.685714285714286,
  "sigma2_pt": {
    "0": 53046.48378205728,
    "1": 49.16868622103988,
    "2": 13.430802378570284,
    "3": 6.858567308826129,
    "4": 0.007147659837841991,
    "5": 2.4010038639170084,
    "6": 208.4532972328111,
    "7": 159.63454145651016,
    "8": 3.3805042072047335,
    "9": 0.004042491486700248,
    "10": 141.30202272898032,
    "11": 29.851572807693714,
    "12": 3.5881364373669804,
    "13": 0.03434036276043513,
    "14": 10.144193607198815,
    "15": 7.414305888045545,
    "16": 18.138805732222927,
    "17": 62.63052532735334,
    "18": 68.51966234314234,
    "19": 249.54173329212355,
    "20": 63.79716274783348,
    "21": 10.86923073220243,
    "22": 5.979221725268269,
    "23": 1.982393949343888,
    "24": 3.48431178177751,
    "25": 2.064631946157679,
    "26": 7.534583317673613,
    "27": 68.84466776203004,
    "28": 27.857389526113934,
    "29": 15.341515326157683,
    "30": 74.16350495690281,
    "31": 814.5764951931152,
    "32": 102.16831692267306,
    "33": 4.036128170677672,
    "34": 102.7933535534423
  },
  "sigma2_pc": {
    "0": 6535.638441986142,
    "1": 15.969768363498218,
    "2": 6.2781206509209575,
    "3": 1.54868754086998,
    "4": 0.008304565170700051,
    "5": 4.223939916383124,
    "6": 44.82658403302992,
    "7": 173.4772694952749,
    "8": 2.343130100086242,
    "9": 0.005735170044091478,
    "10": 154.01404481571262,
    "11": 39.09654703415476,
    "12": 2.7631175583420493,
    "13": 0.05057334477471916,
    "14": 11.880310050800162,
    "15": 4.749188420738369,
    "16": 9.3483919259719,
    "17": 35.87394350591332,
    "18": 32.39428789122977,
    "19": 177.94844335935312,
    "20": 31.589226746881174,
    "21": 8.218921597716806,
    "22": 3.92775476322871,
    "23": 1.0102602038504365,
    "24": 2.736941817550698,
    "25": 1.2743448225387495,
    "26": 6.73802545430559,
    "27": 48.03054670515423,
    "28": 20.1150798968539,
    "29": 13.049809183144568,
    "30": 56.25730255688243,
    "31": 673.8572895333643,
    "32": 73.95010340118458,
    "33": 2.5624223778049653,
    "34": 83.15332151016796
  }
}