{
  "model": "Qwen/Qwen2.5-7B",
  "corpus": "c4",
  "clean": 11.993621898152476,
  "pt_k4_v4": 28282.541920334977,
  "pc_k4_v4": 20.723120306578686,
  "pc_opt_k": 20.085536923187668,
  "avg_k": 4.214285714285714,
  "crit_pt": 8,
  "crit_pc": 3,
  "sigma2_pt": {
    "0": 159.355680132135,
    "1": 1.4934120218302713,
    "2": 2.3348770970777935,
    "3": 3.7119159522352945,
    "4": 0.23565157829079864,
    "5": 0.6446754148505199,
    "6": 0.8226068059738019,
    "7": 0.31573001730244954,
    "8": 0.44359025944487196,
    "9": 0.3109683404121512,
    "10": 0.478180215791343,
    "11": 0.4195676929857495,
    "12": 0.5962150477888408,
    "13": 3.7104640561495232,
    "14": 0.36101769620502056,
    "15": 1.8809493648848643,
    "16": 0.4253855483088621,
    "17": 0.26895539141368996,
    "18": 0.9061379128746413,
    "19": 7.664645647164081,
    "20": 0.19165200415080805,
    "21": 0.35498854408200436,
    "22": 0.19778731841657407,
    "23": 0.32675065820810617,
    "24": 0.4286767927335226,
    "25": 0.40430828964028187,
    "26": 0.1873965606623873,
    "27": 81.18030248908875
  },
  "sigma2_pc": {
    "0": 3.6453119906130884,
    "1": 0.06472435595167006,
    "2": 0.19068125067606878,
    "3": 0.1334151741035598,
    "4": 0.10355339347535986,
    "5": 0.08897104568061119,
    "6": 0.10669294297334281,
    "7": 0.074509841021905,
    "8": 0.12048399300350326,
    "9": 0.08729792232705703,
    "10": 0.11521049991190226,
    "11": 0.11520753757562469,
    "12": 0.17905444359749972,
    "13": 0.23672489090392101,
    "14": 0.2717847837281267,
    "15": 0.17488317949925303,
    "16": 0.32105680387447405,
    "17": 0.24428235954572508,
    "18": 0.20649299569556331,
    "19": 2.5396333564866636,
    "20": 0.09791873843466187,
    "21": 0.1162975110033175,
    "22": 0.1163330478087755,
    "23": 0.10794338910040188,
    "24": 0.11390946574394063,
    "25": 0.11497595245433867,
    "26": 0.1300860688483807,
    "27": 4.854975051841821
  }
}