{
  "model": "Qwen/Qwen2.5-14B",
  "clean": 6.173787457040811,
  "pt_k4_v4": 7.865609273944892,
  "pc_k4_v4": 6.369764508102507,
  "pc_opt_k": 6.320194607432744,
  "avg_k": 4.0,
  "crit_pt": 1,
  "crit_pc": 0
}