{
  "model": "tiiuae/falcon-7b",
  "clean": 6.271010462790426,
  "pt_k4_v4": 6.419723190321737,
  "pc_k4_v4": 6.320194607432744,
  "pc_opt_k": 6.320194607432744,
  "avg_k": 4.0,
  "crit_pt": 0,
  "crit_pc": 0
}