{
  "model": "Qwen/Qwen2.5-7B",
  "timestamp": "2026-03-30 15:08:58",
  "ppl_baseline_label": "baseline",
  "ppl_baseline_bits": "baseline",
  "ppl_baseline_ppl": 6.110603322882944,
  "ppl_baseline_n_tokens": 299077,
  "ppl_baseline_eval_time_sec": 229.9318723678589,
  "ppl_3b_label": "3b",
  "ppl_3b_bits": 3,
  "ppl_3b_ppl": 31110.34542218032,
  "ppl_3b_n_tokens": 299077,
  "ppl_3b_eval_time_sec": 258.0983808040619,
  "ppl_4b_label": "4b",
  "ppl_4b_bits": 4,
  "ppl_4b_ppl": 8400.452780271144,
  "ppl_4b_n_tokens": 299077,
  "ppl_4b_eval_time_sec": 252.85264372825623,
  "ppl_5b_label": "5b",
  "ppl_5b_bits": 5,
  "ppl_5b_ppl": 270.9901319835295,
  "ppl_5b_n_tokens": 299077,
  "ppl_5b_eval_time_sec": 262.13228034973145
}