{
  "budget": 4.0,
  "n_layers": 32,
  "geometric_mean": 1.3087910520817496,
  "quantizers": {
    "E\u2088 lattice": {
      "c": 1.22474982295231,
      "D_star": 0.4007354023296726
    },
    "Scalar (Panter-Dite)": {
      "c": 1.423289037112261,
      "D_star": 0.46569698907464413
    }
  },
  "c_E8": 1.22474982295231,
  "c_scalar": 1.423289037112261,
  "scalar_over_E8": 1.1621059341583444,
  "allocation_bits": [
    [
      3.0,
      3.0
    ],
    [
      3.4162846433560308,
      4.002227198311377
    ],
    [
      3.698913074588522,
      5.0
    ],
    [
      3.931951202187394,
      5.0
    ],
    [
      4.2623271612896625,
      5.0
    ],
    [
      4.190055477307321,
      4.800830581910214
    ],
    [
      4.2781422761916215,
      4.520661829469678
    ],
    [
      4.458278545889562,
      4.349660272388375
    ],
    [
      4.138091702536222,
      4.169087564628111
    ],
    [
      4.013325747468663,
      4.165909364274369
    ],
    [
      3.849620217135766,
      4.10002410075789
    ],
    [
      3.8466803290244664,
      3.7830370391978554
    ],
    [
      4.068273159931703,
      3.8257173030833855
    ],
    [
      3.6470838393704974,
      3.7467240478199444
    ],
    [
      4.055404914350872,
      3.88068748004841
    ],
    [
      3.8234630890754464,
      3.999508959977615
    ],
    [
      3.9229634737483137,
      4.112869513336586
    ],
    [
      3.5677176092474525,
      4.117850420429651
    ],
    [
      3.3446942034652714,
      4.416208553606834
    ],
    [
      3.162986546923553,
      4.535329209687621
    ],
    [
      3.171420223518256,
      4.522827364833383
    ],
    [
      3.7298070003509807,
      4.490950215148249
    ],
    [
      3.282512517975881,
      4.542839537436198
    ],
    [
      3.113146341117871,
      4.613974140891112
    ],
    [
      3.2571625967612157,
      4.680317616875826
    ],
    [
      3.590421847609591,
      4.70186352691709
    ],
    [
      3.363671158764531,
      4.279918210700523
    ],
    [
      3.390459412599471,
      4.532632469855885
    ],
    [
      3.3586273371780258,
      4.2468811395269475
    ],
    [
      3.8059234807660225,
      4.355953639233844
    ],
    [
      3.235560254679768,
      4.049017020482656
    ],
    [
      4.263807644574128,
      4.217714650186292
    ]
  ],
  "discrete_bits": [
    [
      3,
      3
    ],
    [
      3,
      4
    ],
    [
      4,
      5
    ],
    [
      4,
      5
    ],
    [
      4,
      5
    ],
    [
      4,
      5
    ],
    [
      4,
      5
    ],
    [
      4,
      4
    ],
    [
      4,
      4
    ],
    [
      4,
      4
    ],
    [
      4,
      4
    ],
    [
      4,
      4
    ],
    [
      4,
      4
    ],
    [
      4,
      4
    ],
    [
      4,
      4
    ],
    [
      4,
      4
    ],
    [
      4,
      4
    ],
    [
      4,
      4
    ],
    [
      3,
      4
    ],
    [
      3,
      5
    ],
    [
      3,
      5
    ],
    [
      4,
      5
    ],
    [
      3,
      5
    ],
    [
      3,
      5
    ],
    [
      3,
      5
    ],
    [
      4,
      5
    ],
    [
      3,
      4
    ],
    [
      3,
      5
    ],
    [
      3,
      4
    ],
    [
      4,
      4
    ],
    [
      3,
      4
    ],
    [
      4,
      4
    ]
  ],
  "discrete_budget": 4.0
}